{"cameraMode":{"drawMode":0,"name":"Shaded","section":"Shading Mode"},"sceneLighting":true,"audioPlay":false,"sceneViewState":{"m_AlwaysRefresh":false,"showFog":true,"showSkybox":true,"showFlares":true,"showImageEffects":true,"showParticleSystems":true,"showVisualEffectGraphs":true,"m_FxEnabled":true},"in2DMode":false,"pivot":{"x":15.034378051757813,"y":3.711334228515625,"z":-14.0617094039917},"rotation":{"x":-0.27583396434783938,"y":0.027241110801696779,"z":-0.013216299004852772,"w":-0.9621894359588623},"size":1.2158814668655396,"orthographic":false}